City_ID,City,Country,Lat,Lng,Max Temp,Humidity,Cloudiness,Wind Speed,Current Description
0,Lebu,CL,-37.6167,-73.65,50.22,85,96,7.4,overcast clouds
1,Vao,NC,-22.6667,167.4833,76.24,84,97,11.79,light rain
2,Kaitangata,NZ,-46.2817,169.8464,46.11,64,12,2.64,few clouds
3,Vanavara,RU,60.34,102.2797,73.96,59,80,8.25,light rain
4,Toora-Khem,RU,52.4675,96.11,66.51,37,100,4.68,overcast clouds
5,Barrow,US,71.2906,-156.7887,50.02,66,0,9.22,clear sky
6,Punta Arenas,CL,-53.15,-70.9167,33.91,75,75,23.02,broken clouds
7,Kapaa,US,22.0752,-159.319,82.38,81,100,17.27,light rain
8,Cidreira,BR,-30.1811,-50.2056,62.31,85,100,12.03,overcast clouds
9,Atuona,PF,-9.8,-139.0333,78.08,69,0,19.35,clear sky
10,Kavieng,PG,-2.5744,150.7967,84.65,69,27,14.47,scattered clouds
11,Tuktoyaktuk,CA,69.4541,-133.0374,60.8,36,20,16.11,few clouds
12,Padang,ID,-0.9492,100.3543,82.45,72,94,3.67,overcast clouds
13,Praia,CV,14.9215,-23.5087,75.74,73,75,11.5,broken clouds
14,Mahebourg,MU,-20.4081,57.7,69.26,94,20,5.75,few clouds
15,Byron Bay,AU,-28.65,153.6167,68.94,49,0,7.85,clear sky
16,Klaksvik,FO,62.2266,-6.589,50.92,99,100,22.86,moderate rain
17,Komsomolskiy,UZ,40.4272,71.7189,72.32,53,99,2.3,overcast clouds
18,Pahrump,US,36.2083,-115.9839,98.65,7,0,10.0,clear sky
19,Hermanus,ZA,-34.4187,19.2345,52.81,47,34,6.49,scattered clouds
20,Avarua,CK,-21.2078,-159.775,78.85,69,20,6.91,few clouds
21,Kodiak,US,57.79,-152.4072,56.71,67,100,9.22,overcast clouds
22,Port Alfred,ZA,-33.5906,26.891,54.43,54,62,10.22,broken clouds
23,Rikitea,PF,-23.1203,-134.9692,72.59,64,60,2.46,broken clouds
24,Racale,IT,39.9631,18.0938,68.34,61,1,4.18,clear sky
25,Albany,US,42.6001,-73.9662,68.41,84,100,7.18,overcast clouds
26,Narsaq,GL,60.9167,-46.05,43.02,73,100,0.58,overcast clouds
27,Bluff,NZ,-46.6,168.3333,46.8,65,10,2.93,clear sky
28,Ushuaia,AR,-54.8,-68.3,24.13,93,83,6.13,broken clouds
29,Esperance,AU,-33.8667,121.9,69.08,68,0,16.15,clear sky
30,Ribeira Grande,PT,38.5167,-28.7,66.72,89,0,2.93,clear sky
31,Yoichi,JP,43.2039,140.7703,64.13,82,75,4.34,broken clouds
32,Waverly,US,42.7392,-84.6208,84.13,37,0,12.66,clear sky
33,Paamiut,GL,61.994,-49.6678,38.3,77,100,17.38,light rain
34,Saskylakh,RU,71.9167,114.0833,62.28,35,71,12.82,broken clouds
35,Ancud,CL,-41.8697,-73.8203,42.22,76,15,6.38,few clouds
36,Bethel,US,41.3712,-73.414,67.35,90,100,6.91,overcast clouds
37,Puerto Ayora,EC,-0.7393,-90.3518,71.55,92,67,8.01,broken clouds
38,Jiuquan,CN,39.7432,98.5174,85.19,15,10,7.18,clear sky
39,Lazaro Cardenas,MX,17.9583,-102.2,77.86,84,100,10.98,overcast clouds
40,Tasiilaq,GL,65.6145,-37.6368,35.76,98,100,2.15,light rain
41,New Norfolk,AU,-42.7826,147.0587,51.93,71,100,2.84,overcast clouds
42,Kavaratti,IN,10.5669,72.642,82.35,77,98,12.57,overcast clouds
43,Shetpe,KZ,44.1667,52.1167,79.86,30,99,4.54,overcast clouds
44,Morant Bay,JM,17.8815,-76.4093,83.82,81,100,7.16,overcast clouds
45,Hasaki,JP,35.7333,140.8333,77.29,81,100,10.42,overcast clouds
46,Busselton,AU,-33.65,115.3333,67.12,77,3,25.14,light rain
47,Tuapse,RU,44.1125,39.0742,62.24,66,7,7.45,clear sky
48,Ilulissat,GL,69.2167,-51.1,39.22,75,40,10.36,scattered clouds
49,Arkansas City,US,37.062,-97.0384,87.42,74,0,11.5,clear sky
50,Nanortalik,GL,60.1432,-45.2371,38.37,84,97,5.7,overcast clouds
51,Dakar,SN,14.6937,-17.4441,76.08,78,80,18.21,broken clouds
52,Ishigaki,JP,24.3448,124.1572,84.33,94,75,11.5,broken clouds
53,Hilo,US,19.7297,-155.09,80.33,71,100,8.05,overcast clouds
54,Beloha,MG,-25.1667,45.05,64.42,57,70,9.57,broken clouds
55,Cockburn Town,TC,21.4612,-71.1419,80.56,83,40,9.22,scattered clouds
56,Pisco,PE,-13.7,-76.2167,63.01,77,3,8.05,mist
57,Vaini,TO,-21.2,-175.2,80.76,74,40,10.36,scattered clouds
58,Mayo,US,38.8876,-76.5119,78.26,89,0,10.36,clear sky
59,East London,ZA,-33.0153,27.9116,53.62,49,81,9.53,broken clouds
60,Upington,ZA,-28.4478,21.2561,43.18,52,2,5.75,clear sky
61,Ukiah,US,39.1502,-123.2078,61.38,66,0,11.5,clear sky
62,Storforshei,NO,66.4043,14.5233,50.67,93,100,4.61,overcast clouds
63,Penzance,GB,50.1186,-5.5371,61.48,81,90,11.88,overcast clouds
64,Amapa,BR,1.0,-52.0,69.6,98,16,0.98,few clouds
65,Castro,BR,-24.7911,-50.0119,55.24,83,39,4.36,scattered clouds
66,Yellowknife,CA,62.456,-114.3525,59.56,55,40,8.05,scattered clouds
67,Luderitz,NA,-26.6481,15.1594,53.55,81,0,3.04,clear sky
68,Gorele,TR,41.0308,39.0031,66.54,88,30,3.8,scattered clouds
69,Sao Filipe,CV,14.8961,-24.4956,73.72,86,58,6.29,broken clouds
70,Deputatskiy,RU,69.3,139.9,49.59,45,89,3.18,overcast clouds
71,Swellendam,ZA,-34.0226,20.4417,54.59,37,67,7.7,broken clouds
72,Nioro,GM,13.35,-15.75,76.01,73,83,8.81,broken clouds
73,San Patricio,US,28.017,-97.5169,84.88,79,3,9.4,clear sky
74,Makakilo City,US,21.3469,-158.0858,80.35,69,40,14.97,scattered clouds
75,Dingle,PH,10.9995,122.6711,87.87,65,54,7.16,broken clouds
76,Georgetown,MY,5.4112,100.3354,84.13,87,20,2.3,few clouds
77,Verkhnetulomskiy,RU,68.6073,31.7962,39.33,94,100,11.16,overcast clouds
78,Gwadar,PK,25.1216,62.3254,84.0,77,82,5.01,broken clouds
79,Salalah,OM,17.0151,54.0924,86.09,84,100,5.75,overcast clouds
80,Plettenberg Bay,ZA,-34.0527,23.3716,55.09,46,60,7.81,broken clouds
81,Jamestown,US,42.097,-79.2353,76.71,89,0,8.99,clear sky
82,Bilibino,RU,68.0546,166.4372,61.97,26,34,2.86,scattered clouds
83,Te Anau,NZ,-45.4167,167.7167,46.47,84,12,1.07,few clouds
84,Kirakira,SB,-10.4544,161.9205,83.55,75,75,9.24,broken clouds
85,Port Elizabeth,ZA,-33.918,25.5701,53.1,72,0,8.05,clear sky
86,Mar Del Plata,AR,-38.0023,-57.5575,42.1,91,40,2.3,fog
87,Mataura,NZ,-46.1927,168.8643,46.47,73,6,1.14,clear sky
88,Big Spring,US,32.2504,-101.4787,91.85,18,0,12.66,clear sky
89,Tiarei,PF,-17.5333,-149.3333,82.42,73,30,17.94,scattered clouds
90,Sistranda,NO,63.7256,8.834,49.96,94,100,9.01,overcast clouds
91,Cape Town,ZA,-33.9258,18.4232,61.21,53,0,13.8,clear sky
92,Japura,ID,-0.3167,102.35,83.91,69,89,3.18,overcast clouds
93,Nikolskoye,RU,59.7035,30.7861,55.87,75,100,6.51,overcast clouds
94,Dunedin,NZ,-45.8742,170.5036,51.8,53,20,4.0,few clouds
95,Sao Jose Da Coroa Grande,BR,-8.8978,-35.1478,74.07,88,100,8.77,overcast clouds
96,Redlands,US,34.0556,-117.1825,82.92,51,0,13.8,haze
97,Bulolo,PG,-7.2,146.65,78.53,79,82,4.12,broken clouds
98,Trelew,AR,-43.249,-65.3051,40.62,85,56,27.45,broken clouds
99,Longyearbyen,SJ,78.2186,15.6401,39.04,75,75,6.91,broken clouds
100,Hobart,AU,-42.8794,147.3294,52.27,87,75,9.22,moderate rain
101,San Cristobal,VE,7.7669,-72.225,75.38,98,39,2.19,scattered clouds
102,Katsuura,JP,35.1333,140.3,74.77,85,100,15.26,light rain
103,Arraial Do Cabo,BR,-22.9661,-42.0278,68.81,78,0,17.27,clear sky
104,Norman Wells,CA,65.282,-126.8329,64.44,36,20,16.11,few clouds
105,Chuy,UY,-33.6971,-53.4616,54.7,96,100,6.35,overcast clouds
106,Qaqortoq,GL,60.7167,-46.0333,38.25,77,100,4.47,overcast clouds
107,Otane,NZ,-39.8833,176.6333,57.0,93,100,3.09,overcast clouds
108,Kichera,RU,55.9375,110.0997,75.33,41,100,1.41,overcast clouds
109,Asau,RO,46.4333,26.4,51.28,77,41,5.79,scattered clouds
110,Khipro,PK,25.8285,69.3772,89.13,59,1,25.23,clear sky
111,Hithadhoo,MV,-0.6,73.0833,81.91,74,99,10.4,overcast clouds
112,Batagay,RU,67.6333,134.6333,57.58,38,46,11.92,scattered clouds
113,Homer,US,59.6425,-151.5483,60.69,59,40,11.01,scattered clouds
114,Kirensk,RU,57.7853,108.1119,69.42,65,100,5.53,overcast clouds
115,Hualmay,PE,-11.0964,-77.6139,61.52,82,21,13.27,few clouds
116,Dikson,RU,73.5069,80.5464,31.87,94,100,10.58,overcast clouds
117,Upernavik,GL,72.7868,-56.1549,31.98,78,1,6.62,clear sky
118,Cap Malheureux,MU,-19.9842,57.6142,69.48,77,4,13.29,clear sky
119,Neya,RU,58.2972,43.8681,54.0,85,7,5.61,clear sky
120,Port Macquarie,AU,-31.4333,152.9167,67.89,44,0,5.73,clear sky
121,Ndele,CF,8.4109,20.6473,70.34,92,100,3.38,overcast clouds
122,Touros,BR,-5.1989,-35.4608,72.23,84,24,9.37,few clouds
123,Neiafu,TO,-18.65,-173.9833,83.08,65,40,14.97,scattered clouds
124,Kimbe,PG,-5.5502,150.1429,83.64,78,29,3.87,moderate rain
125,Macae,BR,-22.3708,-41.7869,60.55,100,0,2.3,clear sky
126,Humaita,BR,-7.5061,-63.0208,71.47,98,17,1.59,few clouds
127,Kahului,US,20.8947,-156.47,84.22,61,40,24.16,scattered clouds
128,Yar-Sale,RU,66.8333,70.8333,56.98,44,25,7.18,scattered clouds
129,Bambous Virieux,MU,-20.3428,57.7575,69.22,94,20,5.75,few clouds
130,Rauma,FI,61.1272,21.5113,50.04,81,2,6.4,clear sky
131,Eureka,US,40.8021,-124.1637,58.75,77,100,3.0,overcast clouds
132,Acapulco,MX,16.8634,-99.8901,76.82,83,100,0.0,overcast clouds
133,Nouadhibou,MR,20.931,-17.0347,69.78,78,0,23.02,clear sky
134,Thinadhoo,MV,0.5333,72.9333,83.77,71,97,8.05,overcast clouds
135,Grindavik,IS,63.8424,-22.4338,48.67,87,100,12.66,light rain
136,Qaanaaq,GL,77.484,-69.3632,31.62,79,22,4.45,few clouds
137,Tulu Bolo,ET,8.6667,38.2167,55.99,80,8,3.18,clear sky
138,Pitimbu,BR,-7.4706,-34.8086,73.99,93,30,10.58,scattered clouds
139,Port Keats,AU,-14.25,129.55,88.21,20,7,10.71,clear sky
140,Diego De Almagro,CL,-26.3667,-70.05,43.36,84,0,0.43,clear sky
141,Kortkeros,RU,61.8106,51.5806,57.2,75,100,3.31,overcast clouds
142,Clyde River,CA,70.4692,-68.5914,30.43,100,100,34.52,snow
143,Harper,LR,4.375,-7.7169,76.19,88,100,10.85,moderate rain
144,Hammerfest,NO,70.6634,23.6821,39.65,100,100,9.22,mist
145,Maxixe,MZ,-23.8597,35.3472,58.64,72,0,6.31,clear sky
146,Majene,ID,-3.5403,118.9707,83.32,72,80,4.36,broken clouds
147,Kyshtovka,RU,56.555,76.6271,54.86,95,100,12.53,overcast clouds
148,Fortuna,US,40.5982,-124.1573,57.92,77,40,8.05,scattered clouds
149,Ponta Do Sol,PT,32.6667,-17.1,68.63,80,25,3.2,scattered clouds
150,Khatanga,RU,71.9667,102.5,65.19,57,100,14.47,light rain
151,Hami,CN,42.8,93.45,85.96,24,100,6.85,overcast clouds
152,Huarmey,PE,-10.0681,-78.1522,62.64,82,13,12.95,few clouds
153,Port Lincoln,AU,-34.7333,135.8667,59.11,65,0,8.88,clear sky
154,Ekhabi,RU,53.5102,142.9671,46.22,91,100,7.78,light rain
155,Nyurba,RU,63.2842,118.3319,65.82,41,0,7.54,clear sky
156,Butaritari,KI,3.0707,172.7902,82.71,74,19,13.85,few clouds
157,Pershotravneve,UA,51.3929,28.8684,57.07,76,98,2.93,overcast clouds
158,Portland,US,45.5234,-122.6762,67.28,63,75,10.36,broken clouds
159,Manjacaze,MZ,-24.7117,33.8828,54.43,69,0,1.9,clear sky
160,Suez,EG,29.9737,32.5263,70.77,87,0,10.47,clear sky
161,La Ronge,CA,55.1001,-105.2842,57.45,77,75,11.5,broken clouds
162,Stanger,ZA,-29.3282,31.2895,49.71,69,11,5.64,few clouds
163,Biloela,AU,-24.4167,150.5,70.77,27,99,9.4,overcast clouds
164,Bredasdorp,ZA,-34.5322,20.0403,50.38,46,64,5.75,broken clouds
165,San Carlos De Bariloche,AR,-41.1456,-71.3082,40.75,38,40,21.85,scattered clouds
166,Pimentel,PE,-6.8367,-79.9342,62.06,84,7,15.41,clear sky
167,Sitka,US,57.0531,-135.33,68.58,50,49,5.46,scattered clouds
168,Katherine,AU,-14.4667,132.2667,82.72,21,23,12.66,few clouds
169,Fallon,US,39.4735,-118.7774,89.47,7,40,25.32,dust
170,Port Blair,IN,11.6667,92.75,84.24,79,40,9.22,scattered clouds
171,Lorengau,PG,-2.0226,147.2712,83.34,77,100,9.4,overcast clouds
172,Isangel,VU,-19.55,169.2667,80.89,80,94,13.69,overcast clouds
173,Nhulunbuy,AU,-12.2333,136.7667,84.81,58,20,19.57,few clouds
174,Thompson,CA,55.7435,-97.8558,46.56,66,20,11.5,few clouds
175,Wakefield,GB,53.6809,-1.499,67.24,57,100,5.14,overcast clouds
176,Ixtapa,MX,20.7,-105.2,78.22,100,100,1.01,overcast clouds
177,Rantauprapat,ID,2.1,99.8333,85.89,64,93,1.79,overcast clouds
178,Guerrero Negro,MX,27.9769,-114.0611,64.33,83,0,17.16,clear sky
179,Riyadh,SA,24.6877,46.7219,84.34,18,14,5.19,few clouds
180,Safaga,EG,26.7292,33.9365,80.4,54,0,14.92,clear sky
181,Iskateley,RU,67.6803,53.1512,57.49,77,100,14.16,overcast clouds
182,Victoria,HK,22.2855,114.1577,87.85,80,100,15.99,overcast clouds
183,Matara,LK,5.9485,80.5353,81.07,78,100,9.51,overcast clouds
184,Tiksi,RU,71.6872,128.8694,34.52,77,13,7.76,few clouds
185,Bulgan,MN,48.8125,103.5347,71.73,57,17,4.43,few clouds
186,Benguela,AO,-12.5763,13.4055,64.33,77,6,2.75,clear sky
187,Barcelos,PT,41.5388,-8.6151,65.91,97,15,1.28,few clouds
188,Lavrentiya,RU,65.5833,-171.0,43.97,73,8,12.39,clear sky
189,Geraldton,AU,-28.7667,114.6,68.41,94,100,20.71,overcast clouds
190,Chokurdakh,RU,70.6333,147.9167,48.81,51,79,11.72,broken clouds
191,Faanui,PF,-16.4833,-151.75,80.29,72,2,14.81,clear sky
192,Los Llanos De Aridane,ES,28.6585,-17.9182,64.15,87,0,6.91,clear sky
193,Aswan,EG,24.0934,32.907,83.5,28,0,8.05,clear sky
194,Togur,RU,58.3631,82.8265,55.54,91,100,5.19,overcast clouds
195,Daliao,PH,5.8611,124.9533,84.83,67,100,1.9,overcast clouds
196,Ust-Kuyga,RU,70.0167,135.6,49.24,42,87,11.3,overcast clouds
197,Black River,JM,18.0264,-77.8487,78.87,78,100,6.6,overcast clouds
198,Umm Lajj,SA,25.0213,37.2685,81.46,66,0,6.08,clear sky
199,Mangai,CD,-4.05,19.5333,68.23,95,90,2.53,overcast clouds
200,Ati,TD,13.2154,18.3353,88.16,39,80,7.87,broken clouds
201,Prince Rupert,CA,54.3161,-130.3201,55.49,82,100,13.8,overcast clouds
202,Pangody,RU,65.85,74.4859,59.72,36,90,14.97,overcast clouds
203,Elizabeth City,US,36.2946,-76.2511,77.02,88,0,4.61,clear sky
204,Marawi,PH,7.9986,124.2928,81.34,65,65,4.56,broken clouds
205,Dongzhen,CN,22.3797,110.9389,81.27,84,100,5.3,overcast clouds
206,Alofi,NU,-19.0595,-169.9187,80.49,74,75,16.11,broken clouds
207,Waddan,LY,29.1614,16.139,72.36,59,0,1.9,clear sky
208,Ko Samui,TH,9.5357,99.9357,89.51,70,20,0.0,few clouds
209,Lalsot,IN,26.5667,76.3333,93.38,43,0,13.27,clear sky
210,Semporna,MY,4.4818,118.6112,81.57,81,79,2.68,broken clouds
211,Puqi,CN,29.7167,113.8833,87.53,51,65,2.77,broken clouds
212,Hirara,JP,24.8,125.2833,84.47,84,75,18.41,light rain
213,Nishihara,JP,26.1842,127.7558,82.06,89,100,16.11,overcast clouds
214,Pevek,RU,69.7008,170.3133,34.05,79,16,9.15,few clouds
215,Grand-Santi,GF,4.25,-54.3833,71.89,99,100,1.88,overcast clouds
216,Caravelas,BR,-17.7125,-39.2481,68.25,79,0,4.09,clear sky
217,Puerto Leguizamo,CO,-0.1934,-74.7819,70.83,92,16,2.24,few clouds
218,Aklavik,CA,68.2191,-135.0107,72.12,37,26,5.84,scattered clouds
219,Bom Jesus,BR,-9.0744,-44.3586,71.35,55,34,1.32,scattered clouds
220,Gimli,CA,50.6336,-96.9907,69.82,49,0,6.91,clear sky
221,Monrovia,LR,6.3005,-10.7969,76.32,91,100,12.33,moderate rain
222,Tete,MZ,-16.1564,33.5867,71.69,78,100,5.75,overcast clouds
223,Menongue,AO,-14.6585,17.691,48.78,67,27,3.0,scattered clouds
224,Camana,PE,-16.6228,-72.7111,61.29,83,97,10.67,overcast clouds
225,Marzuq,YE,14.4,46.4667,79.27,32,94,5.46,overcast clouds
226,Saint George,US,37.1041,-113.5841,100.99,6,0,11.5,clear sky
227,Kamenka,RU,51.3223,42.7678,56.21,90,2,6.62,clear sky
228,Tortoli,IT,39.9256,9.6572,71.42,94,0,11.5,clear sky
229,Panama City,PA,8.9936,-79.5197,82.92,83,40,3.44,scattered clouds
230,Havelock,US,34.8791,-76.9013,80.55,82,0,9.22,clear sky
231,Bengkulu,ID,-3.8004,102.2655,82.62,69,100,3.56,overcast clouds
232,Buin,CL,-33.7333,-70.75,51.73,76,64,2.44,broken clouds
233,George,ZA,-33.963,22.4617,49.55,53,75,2.3,broken clouds
234,Rybachiy,RU,48.7073,44.7449,60.57,64,4,10.31,clear sky
235,Kinel-Cherkassy,RU,53.4706,51.4743,61.92,92,87,6.4,overcast clouds
236,Marfino,RU,55.7028,37.3822,56.95,68,0,6.71,clear sky
237,Bosaso,SO,11.2842,49.1816,90.61,39,100,19.04,overcast clouds
238,Whitecourt,CA,54.1502,-115.6855,56.44,94,100,8.05,overcast clouds
239,Surat Thani,TH,9.1667,99.25,85.98,79,20,1.14,few clouds
240,Carrollton,US,32.9537,-96.8903,93.81,40,0,10.36,clear sky
241,Chala,TZ,-7.5833,31.2667,54.66,70,20,4.76,few clouds
242,Chauk,MM,20.8833,94.8167,86.58,56,100,15.52,overcast clouds
243,Darhan,MN,49.4867,105.9228,75.31,47,6,5.21,clear sky
244,Nove Hrady,CZ,48.7896,14.7784,57.54,91,100,3.47,overcast clouds
245,Cherskiy,RU,68.75,161.3,56.41,32,67,12.12,broken clouds
246,Leningradskiy,RU,69.3833,178.4167,38.7,69,85,8.39,overcast clouds
247,Saldanha,ZA,-33.0117,17.9442,53.65,73,35,12.17,scattered clouds
248,Houma,US,29.5958,-90.7195,80.01,89,0,0.0,clear sky
249,Durazno,UY,-33.4131,-56.5006,53.24,93,99,2.64,overcast clouds
250,Gorontalo,ID,0.5412,123.0595,88.14,59,5,4.16,clear sky
251,Hinton,CA,53.4001,-117.5857,55.58,89,84,4.88,broken clouds
252,Fort Saint James,CA,54.4333,-124.25,52.88,92,100,0.69,overcast clouds
253,Carnarvon,AU,-24.8667,113.6333,73.78,75,98,13.2,overcast clouds
254,Sisimiut,GL,66.9395,-53.6735,35.37,94,100,18.01,light rain
255,Pokaran,IN,26.9167,71.9167,87.03,57,0,21.63,clear sky
256,Fort Nelson,CA,58.8053,-122.7002,58.59,82,100,5.75,overcast clouds
257,Nola,IT,40.922,14.5329,72.63,84,1,1.16,clear sky
258,Bocana De Paiwas,NI,12.7857,-85.1227,72.79,93,100,1.43,moderate rain
259,Ambilobe,MG,-13.2,49.05,68.54,92,79,3.15,broken clouds
260,Khani,GE,41.9563,42.9566,53.17,85,58,1.74,broken clouds
261,Pochutla,MX,15.7432,-96.4661,76.82,87,100,4.07,overcast clouds
262,Bathsheba,BB,13.2167,-59.5167,81.21,78,40,19.57,scattered clouds
263,Korla,CN,41.7597,86.1469,82.44,23,100,19.66,overcast clouds
264,Constantine,DZ,36.365,6.6147,65.61,48,0,2.3,clear sky
265,Fernandez,AR,-27.9204,-63.8935,60.66,41,100,10.45,overcast clouds
266,Las Vegas,US,36.175,-115.1372,106.48,5,0,21.85,clear sky
267,Dunmore Town,BS,25.5,-76.65,81.0,72,100,4.21,overcast clouds
268,Bayshore Gardens,US,27.4253,-82.5904,85.98,74,0,3.44,clear sky
269,Tarko-Sale,RU,64.9225,77.785,62.78,68,41,20.09,scattered clouds
270,Constitucion,CL,-35.3333,-72.4167,48.36,83,71,7.67,broken clouds
271,Kristianstad,SE,56.0313,14.1524,53.74,91,43,5.75,scattered clouds
272,Lata,PT,40.1629,-8.3327,62.08,97,33,1.14,scattered clouds
273,Cruz Grande,MX,16.7333,-99.1333,74.82,88,100,2.21,overcast clouds
274,Soyo,AO,-6.1349,12.3689,71.83,83,96,5.28,overcast clouds
275,Naze,JP,28.3667,129.4833,74.32,93,100,2.59,moderate rain
276,Rincon,US,32.296,-81.2354,81.86,81,75,6.91,broken clouds
277,Haines Junction,CA,60.7522,-137.5108,71.55,26,98,1.14,overcast clouds
278,Saint-Philippe,RE,-21.3585,55.7679,69.39,75,4,8.34,clear sky
279,Torring,DK,55.85,9.4833,53.71,93,69,6.49,broken clouds
280,Altay,CN,47.8667,88.1167,68.67,35,82,10.58,broken clouds
281,Terney,RU,45.0503,136.6092,63.18,73,95,6.22,overcast clouds
282,Chanika,TZ,-5.4167,38.0167,63.68,98,76,2.86,broken clouds
283,Raga,SS,8.4596,25.678,69.58,87,58,3.98,broken clouds
284,Nemuro,JP,43.3236,145.575,54.72,96,89,4.81,overcast clouds
285,Oum Hadjer,TD,13.2954,19.6966,87.69,39,81,11.16,broken clouds
286,Chynov,CZ,49.4068,14.8112,57.13,88,100,4.52,overcast clouds
287,Veraval,IN,20.9,70.3667,84.69,76,87,11.59,overcast clouds
288,Lompoc,US,34.6391,-120.4579,68.56,73,0,28.01,clear sky
289,Sangin,AF,32.0728,64.8359,90.32,14,0,19.24,clear sky
290,Skibbereen,IE,51.55,-9.2667,60.12,97,81,7.92,broken clouds
291,Comodoro Rivadavia,AR,-45.8667,-67.5,40.86,60,20,27.63,few clouds
292,Crib Point,AU,-38.35,145.2,58.24,83,100,9.15,overcast clouds
293,Dzhebariki-Khaya,RU,62.2167,135.8,71.64,44,90,0.81,overcast clouds
294,Awjilah,LY,29.1081,21.2869,76.21,45,0,11.07,clear sky
295,Carutapera,BR,-1.195,-46.02,73.49,93,13,4.05,few clouds
296,Quatre Cocos,MU,-20.2078,57.7625,69.1,71,3,8.46,clear sky
297,Naryan-Mar,RU,67.6713,53.087,57.85,77,100,14.25,overcast clouds
298,Vaitape,PF,-16.5167,-151.75,80.22,72,2,14.58,clear sky
299,Broken Hill,AU,-31.95,141.4333,58.84,45,62,8.5,broken clouds
300,Torbat-E Jam,IR,35.244,60.6225,82.2,26,5,19.48,clear sky
301,Yulara,AU,-25.2406,130.9889,69.93,31,52,7.85,broken clouds
302,Srednekolymsk,RU,67.45,153.6833,66.92,19,9,9.93,clear sky
303,Eydhafushi,MV,5.1033,73.0708,83.1,75,91,10.31,overcast clouds
304,Beringovskiy,RU,63.05,179.3167,46.71,71,13,5.57,few clouds
305,Mbuji-Mayi,CD,-6.15,23.6,70.23,45,2,4.29,clear sky
306,Sao Joao Da Barra,BR,-21.6403,-41.0511,68.32,76,0,8.55,clear sky
307,Talnakh,RU,69.4865,88.3972,54.21,88,100,6.67,light rain
308,Antofagasta,CL,-23.65,-70.4,56.48,80,9,4.65,clear sky
309,College,US,64.8569,-147.8028,72.59,50,75,10.36,broken clouds
310,Ketchikan,US,55.3422,-131.6461,57.0,76,35,9.93,scattered clouds
311,Noshiro,JP,40.2039,140.0242,68.83,96,93,9.1,overcast clouds
312,Benghazi,LY,32.1167,20.0667,73.94,77,0,9.75,clear sky
313,Wanning,CN,18.8003,110.3967,87.51,72,78,16.17,broken clouds
314,Myitkyina,MM,25.3833,97.4,72.91,100,100,1.3,overcast clouds
315,Saint-Francois,FR,46.4154,3.9054,58.68,100,0,2.3,clear sky
316,Oistins,BB,13.0667,-59.5333,80.69,78,40,19.57,scattered clouds
317,Poum,NC,-20.2333,164.0167,79.11,79,100,15.7,overcast clouds
318,Chipinge,ZW,-20.1883,32.6236,48.38,84,22,3.85,few clouds
319,Las Lomas,PA,8.4333,-82.4,78.21,83,40,4.61,scattered clouds
320,Harboore,DK,56.6175,8.1807,53.19,87,85,9.15,overcast clouds
321,Airai,TL,-8.9266,125.4092,70.79,64,40,4.59,scattered clouds
322,Torbay,CA,47.6666,-52.7314,49.28,84,0,5.01,clear sky
323,Shelburne,CA,44.0787,-80.2041,77.45,42,0,20.6,clear sky
324,Ornskoldsvik,SE,63.2909,18.7153,49.91,76,7,1.48,clear sky
325,Zhigansk,RU,66.7697,123.3711,57.96,45,3,18.59,clear sky
326,Codrington,AU,-38.2667,141.9667,58.19,73,100,6.53,overcast clouds
327,Maragogi,BR,-9.0122,-35.2225,73.83,87,100,8.25,overcast clouds
328,Hay River,CA,60.8156,-115.7999,51.78,66,75,5.75,broken clouds
329,Upata,VE,8.0086,-62.3989,77.2,95,13,3.62,few clouds
330,Ouahigouya,BF,13.5828,-2.4216,79.95,59,89,7.72,overcast clouds
331,Mumford,GH,5.2618,-0.759,75.2,89,100,8.23,moderate rain
332,Tuatapere,NZ,-46.1333,167.6833,46.87,74,7,1.25,clear sky
333,Panguna,PG,-6.3164,155.4848,81.72,57,100,4.03,overcast clouds
334,Aracati,BR,-4.5617,-37.7697,73.0,83,14,5.86,few clouds
335,Kouroussa,GN,10.65,-9.8833,70.23,95,100,2.44,overcast clouds
336,Severo-Kurilsk,RU,50.6789,156.125,51.8,75,93,4.36,overcast clouds
337,Usvyaty,RU,55.7456,30.7533,52.9,89,100,4.7,overcast clouds
338,The Valley,AI,18.217,-63.0578,82.81,79,100,13.02,overcast clouds
339,Luau,AO,-10.7073,22.2247,54.27,46,48,4.83,scattered clouds
340,Celestun,MX,20.8667,-90.4,78.78,80,27,14.52,scattered clouds
341,Launceston,AU,-41.45,147.1667,54.34,81,75,6.91,light rain
342,Petropavlovsk-Kamchatskiy,RU,53.0452,158.6483,59.59,67,0,13.42,clear sky
343,Haveli,PK,30.4502,73.6989,97.05,36,0,11.63,clear sky
344,Sambava,MG,-14.2667,50.1667,67.44,87,12,4.41,few clouds
345,Saint-Paul,RE,-21.0096,55.2707,69.91,81,2,10.76,clear sky
346,Yermakovskoye,RU,53.2831,92.4003,69.67,48,96,5.35,overcast clouds
347,Pau,FR,43.4167,-0.5833,72.25,88,0,9.22,clear sky
348,Atar,MR,20.5169,-13.0499,90.52,18,2,10.6,clear sky
349,Sayyan,YE,15.1718,44.3244,63.52,46,66,0.27,broken clouds
350,Springbok,ZA,-29.6643,17.8865,49.19,34,30,4.94,scattered clouds
351,Provideniya,RU,64.3833,-173.3,44.37,87,20,11.18,few clouds
352,Xingyi,CN,24.1877,102.817,68.25,81,99,5.35,overcast clouds
353,Salinopolis,BR,-0.6136,-47.3561,77.16,83,83,8.34,broken clouds
354,Sobolevo,RU,54.4299,31.8996,53.35,94,100,6.17,overcast clouds
355,Vila,PT,42.0304,-8.1588,54.48,76,95,6.64,overcast clouds
356,Khandyga,RU,62.6667,135.6,72.37,44,99,0.63,overcast clouds
357,Vardo,NO,70.3705,31.1107,40.98,81,100,13.8,overcast clouds
358,Tura,IN,25.5198,90.2201,74.44,97,100,7.18,heavy intensity rain
359,Iquitos,PE,-3.7481,-73.2472,77.04,88,20,0.0,few clouds
360,Beaverlodge,CA,55.2166,-119.4361,52.95,96,100,7.52,overcast clouds
361,Innisfail,AU,-17.5333,146.0333,73.56,87,99,9.04,overcast clouds
362,Boende,CD,-0.2167,20.8667,68.74,97,100,2.57,overcast clouds
363,Waitati,NZ,-45.75,170.5667,46.4,73,31,5.39,scattered clouds
364,Katangli,RU,51.7102,143.2326,50.58,78,76,9.69,broken clouds
365,Alice Springs,AU,-23.7,133.8833,69.22,32,0,13.8,clear sky
366,Bollnas,SE,61.3482,16.3946,53.53,77,34,3.58,scattered clouds
367,Merauke,ID,-8.4667,140.3333,82.63,77,71,14.23,broken clouds
368,Roebourne,AU,-20.7833,117.1333,79.74,31,97,13.2,overcast clouds
369,Mount Isa,AU,-20.7333,139.5,74.97,27,0,10.36,clear sky
370,Burnie,AU,-41.0667,145.9167,56.95,75,88,7.65,overcast clouds
371,Manicore,BR,-5.8092,-61.3003,75.15,94,0,1.14,clear sky
372,Repnoye,RU,51.5921,43.1861,56.88,88,0,6.11,clear sky
373,Dunda,TZ,-8.1167,34.25,57.7,93,2,2.55,clear sky
374,Kuruman,ZA,-27.4524,23.4325,40.75,39,0,6.29,clear sky
375,Fukue,JP,32.6881,128.8419,77.36,88,75,8.05,broken clouds
376,Batemans Bay,AU,-35.7167,150.1833,59.09,54,68,8.19,broken clouds
377,Bilma,NE,18.6853,12.9164,87.84,27,3,11.97,clear sky
378,Sozimskiy,RU,59.7418,52.2482,55.63,100,100,1.81,overcast clouds
379,Coihaique,CL,-45.5752,-72.0662,38.01,75,75,3.44,broken clouds
380,Salisbury,GB,51.0693,-1.7957,61.09,67,79,8.05,broken clouds
381,Port Shepstone,ZA,-30.7414,30.455,53.96,61,42,6.49,scattered clouds
382,Visby,SE,57.6409,18.296,48.42,100,20,3.44,fog
383,Purepero,MX,19.9167,-102.0167,60.33,83,100,3.24,overcast clouds
384,Lithgow,AU,-33.4833,150.15,52.05,57,40,6.69,scattered clouds
385,Malanje,AO,-9.5402,16.341,56.73,61,7,3.0,clear sky
386,Blagoyevo,RU,63.3667,47.9167,59.61,64,14,6.13,few clouds
387,Grand Forks,US,47.9417,-97.4337,71.53,49,0,8.05,clear sky
388,Hailar,CN,49.2,119.7,74.79,38,8,6.4,clear sky
389,Nanakuli,US,21.3906,-158.1547,81.77,61,40,10.36,scattered clouds
390,Xichang,CN,27.8964,102.2634,64.92,94,100,0.13,overcast clouds
391,Tulsipur,NP,28.131,82.2973,87.48,50,0,4.14,clear sky
392,Viedma,AR,-40.8135,-62.9967,51.8,50,85,18.59,moderate rain
393,Saint-Pierre,RE,-21.3393,55.4781,69.48,60,0,8.05,clear sky
394,Hamilton,US,39.1834,-84.5333,83.5,83,0,6.91,clear sky
395,Quelimane,MZ,-17.8786,36.8883,71.55,88,40,4.61,scattered clouds
396,Sandwick,GB,60.0,-1.25,53.42,94,75,11.5,light rain
397,Anzio,IT,41.4853,12.6179,73.98,72,18,2.04,few clouds
398,Wasilla,US,61.5814,-149.4394,72.95,48,0,9.22,smoke
399,Teguise,ES,29.0605,-13.564,66.42,73,100,17.27,overcast clouds
400,Morros,BR,-9.4467,-46.3003,72.77,53,14,1.36,few clouds
401,Asfi,MA,32.2994,-9.2372,66.33,86,4,12.19,clear sky
402,Mawlaik,MM,23.6333,94.4167,80.11,87,100,1.03,overcast clouds
403,Weymouth,US,42.2209,-70.9398,67.77,81,75,12.66,broken clouds
404,Tilichiki,RU,60.4667,166.1,48.74,66,100,12.66,overcast clouds
405,Tomatlan,MX,19.9333,-105.25,77.47,84,85,3.06,overcast clouds
406,Kokopo,PG,-4.352,152.2633,84.16,63,10,5.03,clear sky
407,Eyl,SO,7.9803,49.8164,78.57,71,99,16.93,overcast clouds
408,Shimoda,JP,34.6667,138.95,74.1,79,100,13.67,moderate rain
409,Tessalit,ML,20.1986,1.0114,79.41,61,99,14.38,overcast clouds
410,Doctor Arroyo,MX,23.6667,-100.1833,66.09,57,59,8.84,broken clouds
411,Mareeba,AU,-17.0,145.4333,74.48,66,63,6.24,broken clouds
412,Aykhal,RU,66.0,111.5,67.71,43,56,5.99,broken clouds
413,Alugan,PH,12.2188,125.4808,85.62,69,46,7.92,scattered clouds
414,Souillac,MU,-20.5167,57.5167,66.58,94,20,5.75,few clouds
415,Roald,NO,62.5833,6.1333,55.9,100,75,4.61,broken clouds
416,Port Augusta,AU,-32.5,137.7667,63.66,44,0,0.04,clear sky
417,Tazovskiy,RU,67.4667,78.7,52.07,45,18,13.47,few clouds
418,Ola,RU,59.5833,151.2833,50.14,86,100,3.58,overcast clouds
419,Rio Gallegos,AR,-51.6226,-69.2181,32.05,69,0,18.41,clear sky
420,Waingapu,ID,-9.6567,120.2641,83.03,69,76,16.42,broken clouds
421,Laredo,US,27.5064,-99.5075,91.69,49,0,21.85,clear sky
422,Xining,CN,36.6167,101.7667,74.8,31,64,3.71,broken clouds
423,Ardassa,GR,40.478,21.6341,61.16,89,0,1.03,clear sky
424,Ahipara,NZ,-35.1667,173.1667,61.3,75,100,5.26,light rain
425,Vershino-Shakhtaminskiy,RU,51.3012,117.8868,76.15,29,33,0.98,scattered clouds
426,Sarkand,KZ,45.41,79.9186,73.67,34,1,5.19,clear sky
427,Gouyave,GD,12.1646,-61.7296,79.57,83,20,18.41,few clouds
428,El Dorado,US,38.7666,-120.5177,72.43,37,63,4.68,broken clouds
429,Ouadda,CF,8.0777,22.4007,66.15,95,63,3.13,broken clouds
430,Yumen,CN,40.2833,97.2,84.15,18,66,18.19,broken clouds
431,Mollendo,PE,-17.0231,-72.0147,60.04,86,96,9.33,overcast clouds
432,Iqaluit,CA,63.7506,-68.5145,37.13,64,75,15.01,broken clouds
433,Berlevag,NO,70.8578,29.0864,40.95,81,100,11.5,overcast clouds
434,Sept-Iles,CA,50.2001,-66.3821,61.32,93,100,10.36,light intensity shower rain
435,Kawalu,ID,-7.3817,108.2082,83.59,65,95,1.95,light rain
436,Rapu-Rapu,PH,13.1866,124.1256,84.4,73,79,8.48,moderate rain
437,Kangaatsiaq,GL,68.3065,-53.4641,33.93,97,100,28.79,light snow
438,Clearwater,US,27.9659,-82.8001,84.11,76,0,7.0,clear sky
439,Umm Kaddadah,SD,13.6017,26.6876,84.7,35,96,6.02,overcast clouds
440,Mongo,TD,12.1844,18.693,81.01,60,98,10.87,overcast clouds
441,Minot,US,48.2325,-101.2963,70.02,52,0,10.36,clear sky
442,Baykit,RU,61.67,96.37,74.43,61,97,10.07,light rain
443,Kondoa,TZ,-4.9,35.7833,53.51,96,7,4.27,clear sky
444,Flinders,AU,-34.5833,150.8552,65.17,58,36,1.99,scattered clouds
445,Meulaboh,ID,4.1363,96.1285,83.12,66,71,2.55,broken clouds
446,Deneysville,ZA,-26.8908,28.0971,35.44,33,1,3.06,clear sky
447,Stjordalshalsen,NO,63.4681,10.9262,53.6,94,75,2.3,broken clouds
448,Ostrovnoy,RU,68.0531,39.5131,40.26,98,100,16.28,overcast clouds
449,Vista Hermosa,MX,19.5167,-99.2167,64.31,66,100,5.75,light rain
450,Camacha,PT,33.0833,-16.3333,62.02,94,20,11.5,few clouds
451,Tucuman,AR,-26.8241,-65.2226,48.2,81,40,8.05,scattered clouds
452,Voh,NC,-20.9667,164.7,82.98,66,100,5.59,overcast clouds
453,Beisfjord,NO,68.3751,17.5988,51.04,90,28,2.04,scattered clouds
454,Moerai,PF,-22.4333,-151.3333,75.29,68,54,9.95,broken clouds
455,Yerbogachen,RU,61.2767,108.0108,75.33,37,97,9.66,overcast clouds
456,Port Hedland,AU,-20.3167,118.5667,80.65,24,68,12.66,broken clouds
457,Kawambwa,ZM,-9.7915,29.0791,55.02,62,4,5.57,clear sky
458,Vila Franca Do Campo,PT,37.7167,-25.4333,69.19,93,14,4.65,few clouds
459,Vila Velha,BR,-20.3297,-40.2925,66.15,90,20,3.44,few clouds
460,Churapcha,RU,62.0025,132.4325,66.24,63,96,5.1,light rain
461,Birin,NP,26.8865,88.0718,67.89,86,53,3.11,broken clouds
462,Chegdomyn,RU,51.1167,133.0167,62.6,86,100,2.51,overcast clouds
463,Cabo San Lucas,MX,22.8909,-109.9124,88.9,42,40,8.05,scattered clouds
464,Tabuk,PH,17.4189,121.4443,87.15,68,50,6.44,scattered clouds
465,Agirish,RU,61.9247,63.0231,68.18,40,33,7.07,scattered clouds
466,Kruisfontein,ZA,-34.0033,24.7314,50.88,39,100,9.01,overcast clouds
467,Binzhou,CN,37.3667,118.0167,94.8,34,14,3.22,few clouds
468,Adrar,MR,20.5022,-10.0711,88.09,17,0,4.27,clear sky
469,Buraydah,SA,26.326,43.975,84.65,19,0,4.63,clear sky
470,Vostok,RU,46.4856,135.8833,75.16,38,58,2.89,broken clouds
471,Sembakung,ID,3.8167,117.25,89.28,58,84,0.98,broken clouds
472,Meaford,CA,44.6001,-80.583,80.92,79,18,15.77,few clouds
473,Catabola,AO,-12.15,17.2833,50.29,41,49,4.25,scattered clouds
474,Buala,SB,-8.145,159.5921,83.84,73,67,9.57,light rain
475,Rio Tercero,AR,-32.173,-64.1141,44.8,51,22,6.76,few clouds
476,Najran,SA,17.4924,44.1277,77.65,20,80,2.04,broken clouds
477,Nome,US,64.5011,-165.4064,64.17,65,0,4.61,clear sky
478,Ayaviri,PE,-14.8864,-70.5889,37.02,37,0,4.52,clear sky
479,Atherton,GB,53.5237,-2.4935,65.43,61,100,1.99,overcast clouds
480,Lypova Dolyna,UA,50.5643,33.7979,60.26,71,100,2.75,overcast clouds
481,Bousso,TD,10.4795,16.7117,75.85,77,100,4.52,overcast clouds
482,Autun,FR,46.95,4.3,60.01,72,60,2.55,broken clouds
483,Toccoa,US,34.5773,-83.3324,78.39,90,100,0.0,overcast clouds
484,Beaumont,US,30.0861,-94.1019,80.64,74,0,4.61,clear sky
485,Dalvik,IS,65.9702,-18.5286,49.93,69,100,0.98,overcast clouds
486,Verkhniy Mamon,RU,50.1635,40.3832,57.56,83,14,4.03,few clouds
487,Lazarev,RU,52.225,141.5131,44.98,93,96,5.32,overcast clouds
488,Kokkola,FI,63.8385,23.1307,50.94,87,0,9.22,clear sky
489,Santa Cruz,BO,-17.8,-63.1667,71.06,78,0,12.66,clear sky
490,Matadi,CD,-5.8167,13.45,66.83,98,68,3.11,broken clouds
491,Ada,US,43.4166,-116.1262,77.61,38,0,16.11,clear sky
492,Zonguldak,TR,41.25,31.8333,54.3,89,100,2.39,overcast clouds
493,Sidney,AU,-33.8679,151.2073,67.32,56,40,13.8,scattered clouds
494,Sechenovo,RU,55.2244,45.8906,57.27,82,3,5.17,clear sky
495,Inirida,CO,3.8653,-67.9239,71.1,98,65,0.13,broken clouds
496,San Quintin,MX,30.4833,-115.95,63.97,79,1,5.14,clear sky
497,Okhotsk,RU,59.3833,143.3,52.27,77,100,8.86,overcast clouds
498,Urumqi,CN,43.801,87.6005,70.75,56,0,4.47,clear sky
499,Maarianhamina,AX,60.0973,19.9348,48.06,93,0,0.0,clear sky
500,Taoudenni,ML,22.6783,-3.9836,95.59,24,94,11.97,overcast clouds
501,Makaleng,BW,-20.9,27.2833,45.16,93,0,7.18,clear sky
502,Leo,BF,11.1,-2.1,73.08,87,87,6.62,overcast clouds
503,Lampa,CL,-33.2833,-70.9,48.63,81,20,4.61,few clouds
504,Sal Rei,CV,16.1833,-22.9167,73.11,82,48,16.55,scattered clouds
505,Guacimo,CR,10.2104,-83.6807,73.63,99,100,2.26,overcast clouds
506,Les Abymes,GP,16.271,-61.5045,78.39,83,0,5.75,clear sky
507,Orlik,RU,52.5178,99.825,65.26,60,100,5.46,light rain
508,Susangerd,IR,31.5608,48.1831,88.34,17,0,11.23,clear sky
509,Kingman,US,35.1894,-114.053,98.08,6,0,19.57,clear sky
510,Lagoa,PT,39.05,-27.9833,65.3,89,0,7.96,clear sky
511,Bafoulabe,ML,13.8065,-10.8321,85.89,55,75,10.96,broken clouds
512,Boulder City,US,35.9786,-114.8325,104.65,4,0,20.71,clear sky
513,Mlonggo,ID,-6.5333,110.7,83.61,70,100,1.43,light rain
514,Sao Borja,BR,-28.6606,-56.0044,63.95,98,100,5.32,overcast clouds
515,Pietarsaari,FI,63.65,22.6833,50.13,78,96,7.0,overcast clouds
516,Vysokogornyy,RU,50.1167,139.15,69.35,69,81,2.19,broken clouds
517,Formosa,AR,-26.1775,-58.1781,73.38,78,75,3.44,broken clouds
518,Balatonszarszo,HU,46.8295,17.8243,61.86,82,24,3.74,few clouds
519,Villacarrillo,ES,38.1156,-3.0848,71.19,32,24,1.77,few clouds
520,Stornoway,GB,58.2093,-6.3865,54.93,97,75,18.41,moderate rain
521,Srostki,RU,52.4189,85.7022,62.65,75,91,8.1,overcast clouds
522,Kuryk,KZ,43.2,51.65,81.36,36,12,7.47,few clouds
523,Jasper,US,37.2001,-94.3502,83.23,76,0,5.75,clear sky
524,Shadegan,IR,30.6497,48.6647,78.75,17,0,14.79,clear sky
525,Naftalan,AZ,40.5067,46.825,69.22,61,5,1.5,clear sky
526,Mikumi,TZ,-7.4041,36.9831,63.61,95,5,2.93,clear sky
527,Hit,IQ,33.6416,42.8251,86.13,22,0,9.69,clear sky
528,Inuvik,CA,68.3499,-133.7218,72.36,26,75,3.44,broken clouds
529,Jorhat,IN,26.75,94.2167,72.73,98,100,2.48,light rain
530,Gejiu,CN,23.306,103.1635,62.56,87,99,5.21,overcast clouds
531,Laguna,US,38.421,-121.4238,78.78,37,0,20.71,clear sky
532,Santiago De Cao,PE,-7.9589,-79.2392,60.93,88,16,12.66,fog
533,Pasighat,IN,28.0667,95.3333,72.16,99,100,3.18,light rain
534,Kazanskoye,RU,55.6448,69.235,66.56,64,11,7.76,few clouds
535,Sola,VU,-13.8833,167.55,81.28,77,54,18.07,broken clouds
536,Klyuchevskiy,RU,53.5317,119.4519,75.33,33,65,2.73,broken clouds
537,Creel,MX,27.75,-107.6333,63.07,66,98,4.81,overcast clouds
538,Bhaderwah,IN,32.9784,75.7186,71.94,56,99,1.25,overcast clouds
539,Phuket,TH,8.0,98.25,86.09,84,40,1.14,scattered clouds
540,Turukhansk,RU,65.8167,87.9833,69.01,59,91,4.61,overcast clouds
541,Aginskoye,RU,51.1,114.53,78.49,34,60,6.98,broken clouds
542,Praxedis Guerrero,MX,31.3667,-106.0167,87.26,24,59,13.89,broken clouds
543,La Tijera,MX,19.9,-104.4,62.76,82,94,1.97,overcast clouds
544,Sabinov,SK,49.1031,21.0988,57.9,95,21,1.99,few clouds
545,Kerema,PG,-7.9631,145.7785,84.27,72,45,9.53,scattered clouds
546,Ugoofaaru,MV,5.6667,73.0,83.28,74,98,10.47,overcast clouds
547,Wajid,SO,3.8093,43.2471,69.67,85,88,12.57,overcast clouds
548,Havre-Saint-Pierre,CA,50.2334,-63.5986,59.36,72,0,8.05,clear sky
549,Banda Aceh,ID,5.5577,95.3222,83.79,70,64,3.83,broken clouds
550,Nova Vicosa,BR,-17.8919,-39.3719,69.33,77,0,5.21,clear sky
551,Naukot,PK,24.8587,69.4024,89.15,58,1,21.21,clear sky
552,Muyezerskiy,RU,63.9333,31.65,45.09,97,100,8.72,overcast clouds
553,Yining,CN,29.0361,114.5636,83.26,56,100,2.84,overcast clouds
554,Karasuk,RU,53.7377,78.0403,63.34,71,100,12.53,overcast clouds
555,Faya,SA,18.3851,42.4509,63.12,28,1,4.65,clear sky
556,Cozumel,MX,20.5083,-86.9458,80.67,84,40,6.91,scattered clouds
557,Lyngseidet,NO,69.5763,20.2189,45.01,86,25,3.62,scattered clouds
558,Strelka,RU,58.0728,93.0344,58.33,95,100,7.67,light rain
559,Tagusao,PH,9.1924,117.8141,87.37,61,10,3.78,clear sky
560,Namibe,AO,-15.1961,12.1522,63.3,73,5,1.34,clear sky
561,Ternate,ID,0.8,127.4,84.27,68,62,3.29,broken clouds
562,Bethanien,NA,-26.502,17.1583,53.8,32,0,7.72,clear sky
563,Tottori,JP,35.5,134.2333,80.67,54,20,6.91,few clouds
564,San Andres,CO,12.5847,-81.7006,77.02,94,75,2.3,broken clouds
565,Izhma,RU,65.0083,53.9113,63.99,62,100,5.55,overcast clouds
566,Boras,SE,57.721,12.9401,51.55,99,17,3.44,few clouds
567,Nelson Bay,AU,-32.7167,152.15,66.99,63,1,3.0,clear sky
568,Nagothana,IN,18.5333,73.1333,83.44,74,96,5.19,overcast clouds
569,Santa Isabel,BR,-23.3156,-46.2214,54.7,83,0,2.08,clear sky
570,Panalingaan,PH,8.7842,117.4231,88.2,60,19,3.33,few clouds
571,Mao,ES,39.8885,4.2658,70.36,94,0,4.61,clear sky
572,Stephenville,US,32.2207,-98.2023,89.6,38,1,5.99,clear sky
573,Lysyye Gory,RU,51.5506,44.8414,57.24,86,4,5.14,clear sky
574,Lanzhou,CN,36.0564,103.7922,82.0,34,67,1.61,broken clouds
575,Klintsy,RU,52.7602,32.2393,55.96,85,100,3.24,overcast clouds
576,Luena,AO,-11.7833,19.9167,51.28,58,13,3.96,few clouds
577,Santa Rosa,PH,14.3122,121.1114,92.08,67,96,4.21,overcast clouds
578,Odweyne,SO,9.4092,45.064,72.55,51,88,14.7,overcast clouds
579,Tsuruoka,JP,38.7217,139.8217,71.64,78,75,16.11,broken clouds
580,State College,US,40.7934,-77.86,74.8,95,75,1.01,broken clouds
581,Bitlis,TR,38.5,42.25,59.14,56,0,2.62,clear sky
582,Cabedelo,BR,-6.9811,-34.8339,74.07,91,17,10.02,few clouds
583,Tateyama,JP,34.9833,139.8667,76.1,86,100,17.16,heavy intensity rain
584,Kupang,ID,-10.1667,123.5833,86.45,56,42,14.9,scattered clouds
585,Malakal,SS,9.5334,31.6605,76.78,72,100,5.44,light rain
586,Mushie,CD,-3.0167,16.9,70.56,89,85,1.81,light rain
587,Sevenoaks,GB,51.27,0.1928,64.53,29,99,4.14,overcast clouds
588,Perbaungan,ID,3.5679,98.956,77.11,66,80,2.93,light rain
589,Roma,US,43.2128,-75.4557,73.72,89,75,3.44,broken clouds
590,Hovd,MN,48.0056,91.6419,70.95,22,100,4.27,overcast clouds
591,Kamina,CD,-8.7386,24.9906,57.45,47,66,3.8,broken clouds
592,Warwick,US,41.7001,-71.4162,66.67,80,100,11.5,overcast clouds
593,Shumikha,RU,55.2261,63.2961,67.24,75,21,5.77,few clouds
594,Udala,ES,43.0778,-2.5125,70.68,90,98,3.44,overcast clouds
595,Lubango,AO,-14.9172,13.4925,55.53,15,44,0.78,scattered clouds
596,Kargat,RU,55.1956,80.2811,55.62,97,100,12.26,light rain
597,Port Hardy,CA,50.6996,-127.4199,55.58,76,75,3.44,light intensity shower rain
598,Mecca,SA,21.4267,39.8261,84.49,30,37,1.3,scattered clouds
599,Cranbrook,CA,49.4999,-115.7688,69.64,52,75,4.61,broken clouds
600,Vilhena,BR,-12.7406,-60.1458,67.41,96,53,3.02,broken clouds
601,Maunabo,PR,18.0072,-65.8993,80.42,85,100,8.66,overcast clouds
602,Galveston,US,29.3669,-94.9669,85.96,80,0,10.36,clear sky
603,Chumikan,RU,54.7183,135.315,45.27,80,69,8.81,broken clouds
604,Woodward,US,36.4337,-99.3904,85.23,53,0,6.91,clear sky
605,Acari,PE,-15.4311,-74.6158,62.13,76,56,4.12,broken clouds
606,Zeya,RU,53.75,127.2667,77.47,34,5,4.41,clear sky
607,Belmonte,BR,-15.8631,-38.8828,69.39,78,40,6.26,scattered clouds
608,Mnogovershinnyy,RU,53.9353,139.9242,59.41,63,100,4.72,overcast clouds
609,Kaohsiung,TW,22.6163,120.3133,87.89,69,40,9.22,scattered clouds
610,Agadez,NE,19.75,10.25,84.24,27,96,4.09,overcast clouds
611,Grayvoron,RU,50.4767,35.6773,59.61,74,100,1.41,overcast clouds
612,Gushikawa,JP,26.3544,127.8686,81.99,85,75,13.8,light rain
613,Gainesville,US,29.6516,-82.3248,82.74,82,0,8.05,clear sky
614,Anadyr,RU,64.75,177.4833,61.3,51,0,15.66,clear sky
615,Dorgos,RO,46.05,21.8333,63.86,65,78,2.13,moderate rain
616,Awbari,LY,26.5921,12.7805,74.34,26,0,8.97,clear sky
617,Lomza,PL,53.1781,22.0593,49.86,96,99,6.02,overcast clouds
618,Moundou,TD,8.5667,16.0833,70.18,92,100,6.29,light rain
619,Ocos,GT,14.5094,-92.1933,78.98,85,100,6.33,overcast clouds
620,Carbonear,CA,47.7332,-53.2148,50.14,88,3,8.77,clear sky
621,Myanaung,MM,18.2833,95.3167,89.71,54,89,8.75,overcast clouds
622,Ayan,RU,56.45,138.1667,45.54,88,69,10.27,broken clouds
623,Marica,BR,-22.9194,-42.8186,66.11,89,2,7.58,clear sky
624,Newport,GB,51.5877,-2.9984,62.71,82,82,4.94,broken clouds
625,Ormara,PK,25.2088,64.6357,83.35,81,100,10.69,overcast clouds
626,Gravelbourg,CA,49.8834,-106.5512,68.27,62,46,8.28,scattered clouds
627,Tadine,NC,-21.55,167.8833,77.88,84,100,9.73,moderate rain
628,Tautira,PF,-17.7333,-149.15,78.85,72,45,15.73,scattered clouds
629,Gizo,SB,-8.103,156.8419,85.05,65,11,5.99,few clouds
630,Palompon,PH,11.0508,124.3843,86.94,64,25,3.38,scattered clouds
631,San Juan Cotzal,GT,15.4342,-91.0342,64.76,97,100,0.85,overcast clouds
632,Dehloran,IR,32.6941,47.2679,90.48,12,0,7.72,clear sky
633,Burgeo,CA,47.6167,-57.6152,54.73,81,6,5.82,clear sky
634,Brae,GB,60.3964,-1.353,54.12,94,100,13.85,light rain
635,Goodings Grove,US,41.6292,-87.9309,85.46,46,0,6.91,clear sky
636,Gravina In Puglia,IT,40.8197,16.4228,73.54,54,44,0.67,scattered clouds
637,Metro,ID,-5.1131,105.3067,77.95,85,100,3.27,overcast clouds
638,Mabai,CN,23.0128,104.4508,67.98,85,100,4.47,overcast clouds
639,At-Bashi,KG,41.1702,75.8106,57.63,56,95,2.42,overcast clouds
640,Kasongo-Lunda,CD,-6.4667,16.8167,65.75,60,42,0.74,scattered clouds
641,Benavente,ES,42.0025,-5.6783,62.92,76,75,8.86,broken clouds
642,Killybegs,IE,54.6333,-8.45,57.04,90,100,13.82,moderate rain
643,Paracuru,BR,-3.41,-39.0306,75.11,86,20,8.55,few clouds
644,Florianopolis,BR,-27.6146,-48.5012,62.69,95,75,11.5,broken clouds
645,Jinchang,CN,38.4953,102.1739,88.03,11,46,14.2,scattered clouds
646,Pangai,TO,-19.8,-174.35,82.51,74,40,16.11,scattered clouds
647,Manta,EC,-0.95,-80.7333,71.38,88,75,8.05,broken clouds
648,Sucua,EC,-2.4667,-78.1667,65.01,97,61,3.62,broken clouds
649,Monopoli,IT,40.9559,17.2896,71.73,55,42,3.15,scattered clouds
650,Hattiesburg,US,31.3271,-89.2903,82.69,93,0,0.0,clear sky
651,Port-Gentil,GA,-0.7193,8.7815,75.02,78,100,9.26,overcast clouds
652,Salcininkai,LT,54.3,25.3833,53.83,96,100,4.85,overcast clouds
653,Mount Gambier,AU,-37.8333,140.7667,53.51,94,100,8.05,overcast clouds
654,Freeport,US,40.6576,-73.5832,70.47,79,100,18.41,overcast clouds
655,Rorvik,NO,64.8621,11.2373,50.99,95,100,7.92,overcast clouds
656,Bilecik,TR,40.0,30.1667,57.85,81,100,1.48,overcast clouds
657,Borogontsy,RU,62.6683,131.1683,67.62,58,99,3.33,overcast clouds
658,Wad Rawah,SD,15.1603,33.1397,87.96,16,33,8.39,scattered clouds
659,Lalgudi,IN,10.8667,78.8333,80.92,89,40,9.22,mist
660,Hudson Bay,CA,52.85,-102.3842,57.34,83,69,3.85,broken clouds
661,Honningsvag,NO,70.9821,25.9704,38.95,87,100,8.05,overcast clouds
662,Christchurch,NZ,-43.5333,172.6333,50.92,75,75,4.61,broken clouds
663,Filingue,NE,14.3521,3.3168,82.49,56,67,4.79,broken clouds
664,Olafsvik,IS,64.8945,-23.7142,49.3,78,100,11.56,overcast clouds
665,Namur,BE,50.4669,4.8675,62.73,67,100,5.37,overcast clouds
666,Colares,PT,38.7992,-9.4469,66.33,75,100,10.0,overcast clouds
667,Broome,US,42.2506,-75.833,71.85,92,0,8.05,mist
668,Serenje,ZM,-13.2325,30.2352,51.42,67,0,4.85,clear sky
669,Iberia,US,29.9502,-91.7507,78.8,83,40,1.97,scattered clouds
670,Vidim,RU,56.4088,103.1106,62.01,94,100,4.72,light rain
671,Jensen Beach,US,27.2545,-80.2298,84.02,85,1,8.25,clear sky
672,Gabu,GW,12.2833,-14.2167,76.46,87,99,6.69,overcast clouds
673,Maradi,NE,13.5,7.1017,79.36,65,83,16.28,broken clouds
674,Manguito,CU,22.5881,-80.9144,75.54,92,95,5.08,overcast clouds
675,Namtsy,RU,62.7161,129.6658,68.67,52,12,3.87,few clouds
676,Muravlenko,RU,63.7898,74.523,60.39,55,1,20.31,clear sky
677,Husavik,IS,66.0449,-17.3389,52.0,67,100,8.08,overcast clouds
678,Manggar,ID,-2.8833,108.2667,82.13,73,100,6.91,moderate rain
679,Samarai,PG,-10.6167,150.6667,81.91,77,54,8.55,broken clouds
680,Ngama,TD,11.7833,17.1667,79.68,65,46,12.19,scattered clouds
681,San Lazaro,BZ,18.0387,-88.6622,73.58,95,100,4.52,overcast clouds
682,Ardahan,TR,41.1087,42.7022,50.02,95,29,1.21,scattered clouds
683,Tiznit,MA,29.5833,-9.5,69.15,54,0,1.28,clear sky
684,Kafue,ZM,-15.7691,28.1814,56.03,53,0,6.06,clear sky
685,Biu,NG,10.6129,12.1946,70.14,85,100,6.85,overcast clouds
686,Batticaloa,LK,7.7102,81.6924,80.65,77,100,4.97,overcast clouds
687,Vershino-Darasunskiy,RU,52.35,115.5167,77.05,29,55,2.86,broken clouds
688,Ondjiva,AO,-17.0667,15.7333,53.17,51,15,8.57,few clouds
689,Chapais,CA,49.7834,-74.8492,67.78,80,14,11.88,few clouds
690,Kathu,TH,7.9178,98.3332,85.69,99,100,2.62,overcast clouds
691,Madimba,TZ,-10.4,40.3333,69.84,91,1,6.11,light rain
692,Simbahan,PH,6.3032,120.5836,82.6,73,77,4.52,broken clouds
693,Juneau,US,58.3019,-134.4197,77.0,96,0,9.22,clear sky
694,Puerto Narino,CO,-3.7703,-70.3831,71.82,99,92,0.56,overcast clouds
695,Tutoia,BR,-2.7619,-42.2744,77.04,84,96,5.91,overcast clouds
696,Honiara,SB,-9.4333,159.95,86.9,63,10,8.63,clear sky
